year,housing_price_index
2003,55.4
2004,55.13
2005,55.83
2006,61.36
2007,71.96
2008,80.8
2009,82.41
2010,83.88
2011,83.83
2012,81.86
2013,78.9
2014,79.24
2015,81.4
2016,83.93
2017,86.37
2018,91.43
2019,93.25
2020,96.0
2021,100.51
2022,102.73
2023,96.35
2024,97.55
